label_merged,count,mean,std,min,25%,50%,75%,90%,max
Epileptiform,32566.0,2.8473915433273964,3.815708690556835,0.0029999999969732016,0.6089999999967404,1.2330000000001746,3.083999999995285,8.456499999996595,29.925999999999476
Slowing,28383.0,4.231032096677622,4.378648752995933,0.05700000000069849,1.2949999999982538,2.3430000000007567,5.440000000002328,9.913000000000466,58.06399999999849
Low Voltage,9489.0,8.099578880809371,4.6148285578766135,0.006999999997788109,3.6259999999965657,9.559999999997672,9.84100000000035,14.741000000001804,29.726999999998952
Unknown,768.0,2.768182291666856,2.7446285311070464,0.06099999999423744,0.8230000000003201,1.9180000000014843,3.791000000001077,6.264999999997974,14.877000000000407
Normal,318.0,5.818672955975334,4.255793611277467,0.8990000000048894,2.091999999995096,4.613500000003114,8.064500000000407,13.918600000001607,14.93800000000192
Artifacts,235.0,5.735310638297506,3.9892597348571086,0.008000000001629815,1.930000000000291,4.849000000001979,9.743999999998778,9.881599999997707,14.891999999999825
