label_merged,count,mean,median,std,min,max
Epileptiform,32691,2.8430112875103233,1.2260000000023865,3.8129703176420557,0.0029999999969732016,29.925999999999476
Slowing,29133,4.325671300586997,2.430000000000291,4.441887253004654,0.05700000000069849,58.06399999999849
Low Voltage,9490,8.09872613277135,9.559999999997672,4.615333053938833,0.006999999997788109,29.726999999998952
Unknown,769,2.7657529258779534,1.9120000000039,2.7436682920293727,0.06099999999423744,14.877000000000407
Normal,318,5.818672955975334,4.613500000003114,4.255793611277465,0.8990000000048894,14.93800000000192
Artifacts,235,5.735310638297506,4.849000000001979,3.989259734857108,0.008000000001629815,14.891999999999825
